Date,Open,High,Low,Close,Volume
09/29/2023,17.05,17.26,16.4,16.46,"33,97,024"
09/28/2023,18.02,18.1,16.44,16.84,"74,31,938"
09/27/2023,16.87,17.26,16.81,17.15,"16,81,325"
09/26/2023,17.38,17.82,16.78,16.78,"27,26,813"
09/25/2023,17,17.72,16.85,17.67,"21,81,230"
09/22/2023,17.18,17.35,17,17.18,"21,02,886"
09/21/2023,17.28,17.32,16.65,17.02,"29,13,533"
09/20/2023,17.63,17.93,17.45,17.52,"21,34,121"
09/19/2023,17.59,17.64,17.13,17.52,"25,84,791"
09/18/2023,17.99,18.1,17.35,17.55,"36,94,591"
09/15/2023,18.36,18.61,18.15,18.22,"61,66,608"
09/14/2023,17.8,18.52,17.6,18.33,"30,77,962"
09/13/2023,17.31,17.93,17.27,17.81,"30,12,556"
09-12-2023,17.53,18.5,17.19,17.23,"51,79,405"
09-11-2023,17.85,17.85,16.9,17.02,"35,43,797"
09-08-2023,18.15,18.5,17.35,17.71,"46,94,034"
09-07-2023,19.13,19.48,17.61,18.89,"50,21,288"
09-06-2023,19.06,19.15,18.42,18.75,"61,07,245"
09-05-2023,18.45,19.34,18.26,19.23,"37,81,292"
09-01-2023,18.66,18.73,18.32,18.42,"21,35,901"
08/31/2023,18.41,19.42,18.15,18.55,"46,74,143"
08/30/2023,18.2,18.53,17.91,18.37,"18,84,501"
08/29/2023,17.6,18.55,17.6,18.24,"27,09,238"
08/28/2023,17.35,18.11,17.25,17.57,"30,07,418"
08/25/2023,16.5,17.18,16.45,17.13,"34,23,462"
08/24/2023,16.94,16.98,16.18,16.36,"36,24,485"
08/23/2023,17.25,17.34,16.88,16.89,"29,09,054"
08/22/2023,18.62,18.62,17.25,17.26,"37,91,911"
08/21/2023,18.3,18.82,18.2,18.48,"28,64,735"
08/18/2023,18.18,18.66,18.14,18.36,"20,29,098"
08/17/2023,18.79,18.81,18.3,18.38,"20,56,830"
08/16/2023,19.18,19.34,18.55,18.59,"30,15,627"
08/15/2023,19.77,19.78,19.09,19.33,"22,90,326"
08/14/2023,19.75,20.01,19.08,19.96,"33,29,291"
08-11-2023,20.03,20.38,19.97,20.19,"15,22,912"
08-10-2023,20,20.29,19.87,20.19,"14,32,446"
08-09-2023,20.85,20.85,19.82,19.93,"29,29,553"
08-08-2023,20.7,20.9,20.28,20.74,"14,31,250"
08-07-2023,20.9,21.24,20.48,21.07,"14,41,290"
08-04-2023,20.95,21.89,20.89,20.98,"24,06,033"
08-03-2023,20.88,21.18,20.74,20.93,"13,24,938"
08-02-2023,21.15,21.15,20.34,20.83,"26,30,714"
08-01-2023,21.95,22,21.26,21.5,"25,74,804"
07/31/2023,22,22.38,21.85,22.2,"19,75,391"
07/28/2023,22.02,22.49,21.79,21.93,"26,47,747"
07/27/2023,22.94,23.49,22.13,22.22,"33,70,913"
07/26/2023,22.7,22.99,22.48,22.7,"14,89,152"
07/25/2023,23.1,23.1,22.53,22.85,"16,71,991"
07/24/2023,22.42,23.04,22.2,23.04,"29,70,433"
07/21/2023,23.05,23.22,22.16,22.18,"31,67,916"
07/20/2023,23.01,23.22,22.66,22.91,"22,56,659"
07/19/2023,23.42,23.58,22.96,23.17,"22,50,133"
07/18/2023,22.72,23.8,22.68,23.08,"23,45,137"
07/17/2023,22.88,23.31,22.7,22.82,"20,33,970"
07/14/2023,23.49,23.72,22.94,22.97,"21,78,827"
07/13/2023,23.54,23.98,23.42,23.46,"19,12,157"
07-12-2023,24.25,24.31,23.44,23.44,"17,42,244"
07-11-2023,23.2,24.44,23.2,23.91,"30,63,534"
07-10-2023,22.61,23.56,22,23.54,"33,18,214"
07-07-2023,22.97,23.53,22.67,22.71,"24,47,203"
07-06-2023,23.52,23.57,22.82,22.83,"23,90,303"
07-05-2023,24.64,24.85,23.79,23.9,"22,68,244"
07-03-2023,24.29,25.11,24.21,24.91,"18,06,580"
06/30/2023,24.97,25.13,24.25,24.25,"28,03,299"
06/29/2023,24.96,25.47,24.62,24.9,"31,01,049"
06/28/2023,23.44,25.1,23.4,24.98,"34,93,873"
06/27/2023,23.29,23.6,23,23.58,"21,41,510"
06/26/2023,23.38,24.03,22.91,23.02,"25,25,247"
06/23/2023,23.78,24.15,23.68,23.7,"22,61,038"
06/22/2023,24.13,24.33,23.76,24.32,"18,95,012"
06/21/2023,24.84,25.1,24.1,24.43,"24,04,694"
06/20/2023,24.41,24.65,23.72,24.58,"32,54,039"
06/16/2023,25.02,25.11,24.42,24.56,"44,43,512"
06/15/2023,25.41,26.17,24.64,24.84,"55,01,822"
06/14/2023,26.72,27.08,24.9,25.7,"72,43,697"
06/13/2023,26.2,27.65,25.03,26.95,"1,71,60,609"
06-12-2023,22.85,24.3,22.74,24.3,"71,42,290"
06-09-2023,21.78,23.43,21.5,22.68,"1,03,42,630"
06-08-2023,20.3,22,20.1,21.44,"1,92,13,301"
06-07-2023,26.2,26.55,25.07,26.11,"1,80,01,070"
06-06-2023,24.01,25.25,24,24.69,"39,84,262"
06-05-2023,24.53,25.84,24.16,24.31,"49,75,127"
06-02-2023,24.29,24.93,24.28,24.64,"33,00,736"
06-01-2023,24.04,24.66,23.78,24.1,"38,44,957"
05/31/2023,24.51,24.8,23.88,24.05,"42,65,226"
05/30/2023,23.35,24.69,23.3,24.57,"50,37,830"
05/26/2023,23.47,23.71,23.06,23.25,"22,61,884"
05/25/2023,23.5,23.69,22.71,23.35,"24,94,434"
05/24/2023,23.13,23.52,22.73,23.27,"19,00,997"
05/23/2023,23.89,23.9,22.8,23.16,"37,86,525"
05/22/2023,22.1,24.36,21.99,24.21,"62,51,635"
05/19/2023,22.94,22.99,21.75,22.06,"26,68,214"
05/18/2023,22.9,23.3,22.68,23.05,"21,44,412"
05/17/2023,21.99,23.25,21.9,22.87,"45,72,988"
05/16/2023,21.5,22.1,21.42,21.99,"25,00,775"
05/15/2023,20.62,21.63,20.49,21.62,"26,01,994"
05-12-2023,20.83,20.98,20.23,20.69,"20,06,061"
05-11-2023,20.69,21.16,20.51,20.88,"16,52,512"
05-10-2023,20.45,20.96,20.38,20.76,"21,39,945"
05-09-2023,20.16,20.65,20.12,20.24,"15,22,674"
05-08-2023,20.46,20.99,20.09,20.51,"24,02,799"
05-05-2023,19.62,20.88,19.51,20.42,"43,57,180"
05-04-2023,19.25,19.48,18.92,19.35,"20,41,842"
05-03-2023,18.56,19.2,18.53,18.9,"31,84,021"
05-02-2023,18.45,18.58,18.06,18.58,"19,18,257"
05-01-2023,19.16,19.25,18.46,18.55,"23,56,640"
04/28/2023,18.92,19.72,18.88,19.29,"28,36,576"
04/27/2023,18.75,19.34,18.72,18.94,"22,38,947"
04/26/2023,18.98,19.23,18.65,18.65,"22,87,611"
04/25/2023,19.74,20.04,18.91,19,"25,60,841"
04/24/2023,20.15,20.41,19.81,19.93,"27,42,391"
04/21/2023,20.2,20.62,20.1,20.49,"20,85,872"
04/20/2023,20.88,21.57,20.06,20.22,"29,77,376"
04/19/2023,21.28,21.87,20.96,21.31,"25,39,480"
04/18/2023,22.14,22.32,21.5,21.61,"27,48,702"
04/17/2023,22.27,22.68,22.14,22.28,"20,66,616"
04/14/2023,22.74,23.25,22.32,22.46,"23,12,372"
04/13/2023,22.5,22.85,22.33,22.55,"18,03,934"
04-12-2023,22.9,23.28,22.26,22.26,"21,41,141"
04-11-2023,22.57,23.17,22.42,22.69,"25,39,969"
04-10-2023,21.85,22.43,21.82,22.37,"21,76,087"
04-06-2023,22,22.67,21.77,22.4,"25,06,935"
04-05-2023,22.47,22.47,21.23,22.07,"36,38,100"
04-04-2023,22.75,23.14,22.09,22.35,"34,21,464"
04-03-2023,22.94,23.85,22.66,23.17,"42,74,492"
03/31/2023,22.35,23.07,22.15,23.02,"38,80,261"
03/30/2023,22.6,22.83,22.11,22.5,"34,77,609"
03/29/2023,23.08,23.7,22.22,22.46,"41,61,361"
03/28/2023,22.97,23.54,22.22,23.15,"57,11,651"
03/27/2023,23.99,24.01,22.69,23,"45,80,797"
03/24/2023,22.32,23.99,22.1,23.98,"87,68,674"
03/23/2023,22.57,24.59,22.13,22.58,"1,11,68,850"
03/22/2023,26.6,27,23.05,23.87,"6,67,64,648"
03/21/2023,17.15,18.35,17.14,17.65,"1,58,82,850"
03/20/2023,16.65,17.27,16.25,16.87,"44,63,676"
03/17/2023,16.62,16.72,15.92,16.6,"51,05,501"
03/16/2023,16,16.77,15.53,16.76,"40,93,282"
03/15/2023,16.5,16.69,15.7,15.95,"45,41,529"
03/14/2023,17.37,17.41,16.4,16.91,"30,77,400"
03/13/2023,16.77,17.35,16.52,16.75,"29,59,090"
03-10-2023,17.53,17.77,16.85,17.25,"28,45,500"
03-09-2023,18.07,18.38,17.48,17.52,"26,52,605"
03-08-2023,18.05,18.38,17.63,18.17,"32,77,810"
03-07-2023,18.54,18.84,18.06,18.06,"23,75,301"
03-06-2023,18.52,19.5,18.52,18.65,"28,15,336"
03-03-2023,18.19,19.1,18.1,18.7,"25,05,515"
03-02-2023,18.15,18.4,17.62,18.19,"26,27,304"
03-01-2023,18.92,19.09,18.14,18.15,"42,10,100"
02/28/2023,19.06,19.52,18.95,19.23,"33,73,826"
02/27/2023,19.61,19.7,18.89,19.1,"40,06,677"
02/24/2023,19.71,20.08,19.54,19.54,"22,77,573"
02/23/2023,20.66,20.87,19.53,20.14,"28,62,036"
02/22/2023,20.53,21.19,20.33,20.52,"21,64,879"
02/21/2023,21.33,21.83,20.63,20.66,"31,00,309"
02/17/2023,21.27,22.07,21.15,21.99,"28,50,979"
02/16/2023,21.25,22.42,20.85,21.6,"38,79,046"
02/15/2023,19.8,21.8,19.59,21.8,"71,47,319"
02/14/2023,19.31,20.01,19.1,19.87,"27,46,308"
02/13/2023,19.3,19.94,19.01,19.69,"22,99,304"
02-10-2023,19.56,20.04,19.05,19.27,"29,02,678"
02-09-2023,21.25,21.65,19.67,19.67,"44,97,399"
02-08-2023,21.43,21.55,20.61,21.1,"28,46,425"
02-07-2023,23,23.05,20.5,21.22,"90,93,668"
02-06-2023,21.88,24.88,21.77,23.86,"87,08,367"
02-03-2023,22.01,23.93,21.8,22.25,"49,35,949"
02-02-2023,22.44,24.4,22.22,22.7,"76,55,658"
02-01-2023,21.49,22.12,20.55,21.83,"45,17,191"
01/31/2023,21.41,22.05,21.3,21.87,"31,28,376"
01/30/2023,22.5,23.48,21.13,21.25,"49,50,563"
01/27/2023,19.8,23.31,19.41,22.82,"1,18,97,250"
01/26/2023,20.61,21.17,19.38,20.01,"35,19,973"
01/25/2023,20.59,20.84,19.53,20.23,"35,15,791"
01/24/2023,21.3,22.09,21,21.4,"23,81,588"
01/23/2023,19.5,22.49,19.37,21.66,"71,81,508"
01/20/2023,19.05,20.07,18.9,19.61,"35,64,322"
01/19/2023,20.44,20.45,18.82,19.04,"45,19,163"
01/18/2023,22.01,22.15,20.5,20.79,"56,32,161"
01/17/2023,20.49,21.94,20.37,21.8,"54,07,905"
01/13/2023,19.88,21.11,19.8,20.49,"54,94,405"
01-12-2023,19.04,20.63,18.34,20.63,"58,77,276"
01-11-2023,18.19,20.05,17.86,19.04,"84,05,821"
01-10-2023,16.3,18.09,16.25,17.77,"44,02,799"
01-09-2023,16.65,17.13,16.36,16.38,"35,22,596"
01-06-2023,16,16.57,15.41,16.46,"48,23,357"
01-05-2023,17.06,17.26,15.89,16.22,"60,66,158"
01-04-2023,17.25,17.93,16.9,17.32,"39,39,325"
01-03-2023,18.64,19.26,17.09,17.2,"51,35,191"
12/30/2022,17.95,18.58,17.9,18.46,"26,69,548"
12/29/2022,18.12,18.57,17.75,18.33,"34,42,757"
12/28/2022,18.29,18.7,16.98,17.92,"56,71,992"
12/27/2022,19.91,19.99,18,18.2,"42,33,045"
12/23/2022,20,20.63,19.65,20.08,"31,74,827"
12/22/2022,20.5,20.5,18.5,19.81,"53,43,087"
12/21/2022,20.4,20.9,20.18,20.56,"27,93,559"
12/20/2022,19.86,21.32,19.62,20.26,"44,78,987"
12/19/2022,20.55,20.89,19.59,19.92,"37,00,556"
12/16/2022,20.48,21.12,20.01,20.8,"93,79,717"
12/15/2022,20.74,21.44,20.24,20.58,"64,44,512"
12/14/2022,21.19,22,21.01,21.05,"46,04,808"
12/13/2022,23.55,23.7,20.83,21,"63,05,646"
12-12-2022,22.66,23.15,22.18,22.67,"37,50,805"
12-09-2022,24.59,24.59,22.59,22.63,"53,26,676"
12-08-2022,22,25,21.97,24.79,"1,02,52,000"
12-07-2022,23.4,23.61,21.97,22.26,"1,00,78,220"
12-06-2022,25.41,25.58,23.11,23.39,"76,99,321"
12-05-2022,27.31,27.48,25.44,25.56,"49,73,747"
12-02-2022,26.25,27.87,26.11,27.52,"45,77,177"
12-01-2022,26,27.5,25.18,26.6,"76,15,154"
11/30/2022,25.9,26.23,24.91,26.21,"37,31,072"
11/29/2022,25.58,26.35,25.32,25.6,"20,29,480"
11/28/2022,25.79,26.44,25.21,25.29,"24,53,744"
11/25/2022,26.5,27.05,26.14,26.17,"11,22,700"
11/23/2022,25.92,27.14,25.92,26.7,"27,37,491"
11/22/2022,25.13,26.45,24.7,26.3,"42,40,402"
11/21/2022,26.66,27.83,24.86,25.16,"44,43,252"
11/18/2022,28.16,28.7,26.83,27.6,"30,87,420"
11/17/2022,26.3,27.76,26.15,27.76,"24,77,693"
11/16/2022,26.62,27.35,26.37,27.14,"24,52,335"
11/15/2022,26.59,28.24,26.27,27.59,"53,91,975"
11/14/2022,26.3,27.38,25.61,26.05,"43,50,537"
11-11-2022,24.78,26.12,24.15,26.1,"39,86,182"
11-10-2022,24.62,25.7,23.91,24.88,"61,06,952"
11-09-2022,24.55,24.67,21.89,23.11,"84,64,777"
11-08-2022,25.33,25.85,24.11,25.14,"46,95,117"
11-07-2022,26.25,26.3,24.8,25.76,"33,03,627"
11-04-2022,26.6,27.03,25.34,26.51,"41,37,984"
11-03-2022,26,27.29,26,26.29,"33,84,428"
11-02-2022,27.9,28.75,26.5,26.62,"41,43,900"
11-01-2022,29.4,29.69,27.62,28.39,"51,47,499"
10/31/2022,31.22,34.99,27.91,28.31,"2,40,27,609"
10/28/2022,26.88,28.79,26.42,28.17,"80,89,647"
10/27/2022,25.75,26.33,25.2,25.93,"24,22,933"
10/26/2022,26.37,27.48,25.32,25.42,"38,66,779"
10/25/2022,24.82,27.79,24.8,26.87,"77,91,571"
10/24/2022,25,25.19,24.11,24.71,"31,14,308"
10/21/2022,24.15,25.33,24.1,25.3,"30,36,299"
10/20/2022,24.65,25.45,24.07,24.41,"51,48,627"
10/19/2022,26,26.18,24.27,24.54,"53,18,442"
10/18/2022,27.1,27.74,26.13,26.67,"44,02,577"
10/17/2022,25.37,26.41,25.24,25.96,"31,72,241"
10/14/2022,25.77,26.37,24.63,24.63,"27,78,436"
10/13/2022,24.42,26.59,23.91,25.56,"35,16,164"
10-12-2022,25.96,26.89,25.27,25.36,"32,84,353"
10-11-2022,24.87,26.3,23.95,25.27,"41,95,897"
10-10-2022,25.37,26.5,24.75,25,"29,17,594"
10-07-2022,25.84,25.84,24.42,25.35,"32,70,565"
10-06-2022,26.29,27,25.8,25.99,"24,18,721"
10-05-2022,26.77,26.98,25.43,26.39,"29,86,448"
10-04-2022,25.95,27.83,25.95,27.6,"45,81,855"
10-03-2022,25.14,25.63,24.21,25.38,"26,53,852"
09/30/2022,25.03,25.82,24.44,25.13,"31,48,331"
09/29/2022,27.08,27.69,24.69,25.46,"41,18,215"
09/28/2022,25.89,27.5,25.62,27.31,"26,30,051"
09/27/2022,25.47,26.39,25.13,26.13,"44,87,179"
09/26/2022,24.66,25.87,24.12,24.48,"34,40,279"
09/23/2022,24.15,25.15,24.06,25.04,"36,22,430"
09/22/2022,27.17,27.27,24.38,24.7,"43,46,547"
09/21/2022,27.45,28.99,26.77,26.86,"38,59,156"
09/20/2022,29.28,29.33,27.18,27.54,"31,45,901"
09/19/2022,28.34,29.65,28.15,28.96,"34,03,984"
09/16/2022,28.33,28.8,27.78,28.64,"46,56,038"
09/15/2022,27.86,29.07,27.86,28.61,"33,29,490"
09/14/2022,27.56,28.45,26.65,28.13,"36,05,752"
09/13/2022,27.4,28.61,27.32,27.85,"36,57,164"
09-12-2022,29.03,30.34,28,29.24,"61,75,210"
09-09-2022,26.3,29.08,26.1,28.92,"79,16,490"
09-08-2022,25,26.74,24.07,25.83,"1,41,42,210"
09-07-2022,24.73,25.19,23.42,24.04,"1,25,04,680"
09-06-2022,25.75,26.72,24.67,25.14,"70,10,190"
09-02-2022,28.26,28.74,26.93,27.36,"46,80,123"
09-01-2022,28,28.91,26.95,27.63,"52,93,858"
08/31/2022,29.25,29.96,28.26,28.64,"51,57,027"
08/30/2022,31.62,31.87,29.42,29.84,"50,60,206"
08/29/2022,30.48,32.75,30.38,31.55,"42,92,686"
08/26/2022,31.5,32.38,30.63,30.94,"42,97,295"
08/25/2022,32.84,32.89,31.5,31.96,"47,26,286"
08/24/2022,34,34.94,32.44,32.5,"56,20,333"
08/23/2022,34.7,34.99,33.45,33.53,"48,36,309"
08/22/2022,34.31,36.2,34.2,34.5,"57,98,630"
08/19/2022,35.18,37.19,34.67,36.49,"95,51,861"
08/18/2022,39.27,40.07,37.34,37.93,"81,45,446"
08/17/2022,42.18,44.36,40.41,40.52,"97,66,448"
08/16/2022,39.17,45.53,38.6,42.19,"2,36,02,779"
08/15/2022,39.75,40.39,38.81,39.68,"52,43,088"
08-12-2022,40,41.43,39.15,40.74,"51,20,040"
08-11-2022,40.91,41.97,39.35,39.45,"51,40,480"
08-10-2022,42,42,38.63,40.53,"54,34,675"
08-09-2022,42.14,43.19,39,40.37,"69,54,188"
08-08-2022,41.29,47.99,40.75,43.45,"1,80,45,600"
08-05-2022,37.37,40.43,36.56,40.02,"81,24,235"
08-04-2022,38.34,39.89,37.89,38.36,"54,21,500"
08-03-2022,36.22,38.01,36,37.93,"51,86,482"
08-02-2022,35.9,36.8,35.12,35.84,"46,97,134"
08-01-2022,33.8,35.71,33.77,34.78,"41,96,630"
07/29/2022,33.68,34.79,33.06,34.01,"39,88,750"
07/28/2022,33.39,34.43,32.66,33.84,"32,07,363"
07/27/2022,32.96,34.12,32.16,33.78,"42,51,215"
07/26/2022,32.87,33.31,32.1,32.43,"48,66,070"
07/25/2022,35,35.51,33.25,33.98,"56,86,259"
07/22/2022,36.88,38.7,34.93,35.78,"1,00,60,250"
07/21/2022,39.93,40,37.29,38.37,"92,77,796"
07/20/2022,38.5,40.41,38.35,39.69,"1,14,00,292"
07/19/2022,37.44,39.21,36.59,37.93,"1,28,27,820"
07/18/2022,36.25,37.4,35.77,36.66,"1,11,55,132"
07/15/2022,34.86,35.59,33.51,35.41,"98,32,472"
07/14/2022,34.8,37.99,34.05,34.05,"2,09,70,208"
07/13/2022,33.75,36.34,33.75,35.32,"1,37,03,788"
07-12-2022,32.7,35.65,31.82,34.28,"1,68,99,680"
07-11-2022,32.14,32.94,31.16,32.52,"75,58,344"
07-08-2022,31.67,33.17,30.63,32.14,"1,31,99,444"
07-07-2022,31.12,33.88,30.45,33.78,"3,03,13,564"
07-06-2022,30.17,30.57,28.34,29.36,"99,88,996"
07-05-2022,30.38,30.62,29.75,30.06,"60,45,760"
07-01-2022,30.28,31.29,29.82,30.86,"66,17,116"
06/30/2022,29.84,31.65,29.44,30.58,"67,18,672"
06/29/2022,30.39,31.62,29.9,30.72,"68,26,496"
06/28/2022,32.75,32.83,30.57,31.1,"66,21,596"
06/27/2022,34.12,34.26,31.83,32.42,"97,45,448"
06/24/2022,35.75,37.09,32.88,33.8,"1,69,95,764"
06/23/2022,35.41,36,34.18,35.51,"66,82,900"
06/22/2022,34.67,36.18,34.11,34.62,"78,46,916"
06/21/2022,34.56,36.35,33.88,35.07,"1,25,12,268"
06/17/2022,31.72,33.96,31.58,33.79,"1,23,40,908"
06/16/2022,31.24,32.32,30.15,31.43,"99,95,056"
06/15/2022,31.24,32.99,30.91,32.32,"1,07,64,284"
06/14/2022,29.39,32,29.03,31.54,"1,27,39,140"
06/13/2022,30.13,31.14,28.58,29.56,"1,37,92,816"
06-10-2022,31.5,32.98,30.79,32.27,"1,18,30,196"
06-09-2022,34.7,34.98,31.84,32.25,"1,31,35,252"
06-08-2022,35.35,38.25,33.96,34.68,"2,44,73,520"
06-07-2022,32.5,37.47,31.58,36.63,"2,49,67,468"
06-06-2022,33.83,34.03,31.76,32.03,"95,32,920"
06-03-2022,32.5,34.53,31.06,33.43,"1,82,34,452"
06-02-2022,29.75,34.13,28.89,33.5,"2,79,18,764"
06-01-2022,30.71,32.4,29.25,30.35,"1,49,91,732"
05/31/2022,34.3,34.98,30.13,31.19,"1,90,84,328"
05/27/2022,35.25,35.93,31.75,34.3,"3,00,45,076"
05/26/2022,29,37.12,28.68,32.12,"5,78,92,320"
05/25/2022,22.54,28.87,22.54,28.79,"4,00,60,000"
05/24/2022,23.51,23.55,21.68,22.29,"88,79,480"
05/23/2022,24.14,24.32,22.88,24.03,"69,93,924"
05/20/2022,24.95,25.6,22.44,23.92,"99,72,096"
05/19/2022,22.81,25.49,22.54,24.8,"1,27,20,540"
05/18/2022,24.1,24.96,22.54,22.87,"1,15,60,128"
05/17/2022,23.48,25.1,22.8,25.1,"1,04,44,948"
05/16/2022,24.7,24.79,22.7,22.95,"1,15,82,124"
05/13/2022,24.75,26.69,23.76,24.6,"2,39,30,864"
05-12-2022,20.76,27.02,19.44,22.39,"4,01,39,760"
05-11-2022,23.37,23.82,20,20.33,"1,66,81,372"
05-10-2022,25.75,26.52,22,23.38,"1,66,03,212"
05-09-2022,27.7,27.7,24.52,24.7,"1,32,64,936"
05-06-2022,29.32,30.14,27.56,28.68,"71,61,632"
05-05-2022,30.99,31.17,28.78,29.78,"70,15,448"
05-04-2022,29.8,31.94,28.93,31.77,"66,51,292"
05-03-2022,29.62,31.11,28.61,30.11,"73,12,684"
05-02-2022,30.91,31.35,28.18,29.89,"1,01,71,944"
04/29/2022,31.83,32.72,30.75,31.27,"51,43,420"
04/28/2022,32.57,33.15,30.13,32.33,"70,84,892"
04/27/2022,31.82,33.17,31.15,32.46,"52,23,496"
04/26/2022,33.91,34.2,31.54,31.9,"61,82,896"
04/25/2022,33.85,34.93,33.32,33.99,"61,39,116"
04/22/2022,35.64,36.58,33.89,34.56,"62,78,432"
04/21/2022,37.5,38.28,34.98,35.39,"67,37,468"
04/20/2022,38,38.08,36.66,37.21,"46,48,012"
04/19/2022,35.71,38.25,34.96,38.12,"94,16,676"
04/18/2022,37.5,37.81,34.31,35.37,"98,71,124"
04/14/2022,37.32,39.13,36.81,37.69,"1,00,02,332"
04/13/2022,36.03,38.03,35.51,37.68,"80,32,900"
04-12-2022,36.63,38.06,35.42,36.22,"79,96,544"
04-11-2022,35.76,37.06,35.15,36.73,"98,11,916"
04-08-2022,37.27,37.68,35.51,36.55,"1,03,71,516"
04-07-2022,38.53,39.18,35.39,37.5,"1,53,11,388"
04-06-2022,37.75,39.82,37.43,39.16,"1,62,67,832"
04-05-2022,42,42.11,38,38.4,"1,58,25,264"
04-04-2022,41.75,43.31,39.13,42.68,"1,85,60,308"
04-01-2022,47.23,47.44,38.82,41.25,"5,27,58,240"
03/31/2022,40.78,43.94,39.63,41.65,"4,49,68,920"
03/30/2022,43.75,45.83,41.25,41.71,"3,66,76,744"
03/29/2022,47.06,49.85,40.75,44.98,"7,20,45,960"
03/28/2022,38,47.71,37.89,47.4,"6,52,66,080"
03/25/2022,35.01,39.54,34.55,37.99,"5,35,35,480"
03/24/2022,33.5,35.87,31.69,35.6,"3,64,00,600"
03/23/2022,32.5,37.73,31.64,35.25,"9,83,99,360"
03/22/2022,23.85,31.45,23.61,30.79,"6,00,68,920"
03/21/2022,22.5,24.85,22.44,23.55,"1,58,12,448"
03/18/2022,19.94,24.36,19.73,22.7,"3,56,88,376"
03/17/2022,21.28,22.4,20.86,21.93,"1,37,96,480"
03/16/2022,21.28,22.5,20.5,21.72,"1,06,15,712"
03/15/2022,20.53,21.89,19.67,20.66,"1,41,15,192"
03/14/2022,23.36,23.58,19.4,19.53,"1,81,34,456"
03-11-2022,25.67,25.73,23.17,23.17,"88,22,152"
03-10-2022,25.98,26.01,24.56,25.14,"55,81,868"
03-09-2022,26.75,27.22,25.88,26.3,"55,98,388"
03-08-2022,25.26,27.25,24.27,25.75,"85,36,116"
03-07-2022,28.75,28.75,24.03,24.84,"1,25,91,460"
03-04-2022,29.5,30.13,27.65,27.92,"59,20,052"
03-03-2022,30.74,30.94,29.31,29.6,"43,82,408"
03-02-2022,29.88,30.67,29.09,30.49,"52,42,600"
03-01-2022,30.55,31.47,29.59,29.76,"43,84,084"
02/28/2022,30.25,31.57,29.22,30.84,"64,57,988"
02/25/2022,30.89,31.24,29.12,29.65,"68,41,020"
02/24/2022,26.38,31.43,26.03,31.15,"90,24,848"
02/23/2022,30.31,30.84,28.57,28.72,"53,93,008"
02/22/2022,29.55,30.83,28.55,29.52,"61,56,452"
02/18/2022,31.05,31.41,29.53,30.38,"62,14,156"
02/17/2022,31.69,32.71,30.56,30.85,"62,56,416"
02/16/2022,31.11,33.21,30.98,32.08,"80,07,724"
02/15/2022,30.24,31.81,29.82,31.54,"79,20,356"
02/14/2022,30.73,31.38,29.04,29.27,"91,02,704"
02-11-2022,30.62,32.47,30.19,31.06,"1,12,99,108"
02-10-2022,29.49,32.95,29,30.62,"1,48,26,148"
02-09-2022,28.52,31.18,28.25,31.07,"1,54,67,580"
02-08-2022,25.44,29.42,25.14,28.9,"1,98,39,624"
02-07-2022,25.75,26.35,24.69,25.59,"70,37,440"
02-04-2022,24.75,26,23.77,25.59,"76,27,164"
02-03-2022,25.38,26.74,24.43,24.81,"1,07,10,076"
02-02-2022,27.59,27.96,24.52,25.01,"1,31,16,540"
02-01-2022,28.25,29.16,27.07,28.15,"1,38,47,508"
01/31/2022,24.47,27.45,24.47,27.23,"1,39,97,092"
01/28/2022,23.85,24.5,21.9,24.48,"1,64,30,268"
01/27/2022,26.04,26.75,23.22,23.38,"1,46,79,824"
01/26/2022,25.28,29.75,25.08,25.82,"3,33,30,160"
01/25/2022,24.23,26.24,23.75,24.95,"1,42,97,020"
01/24/2022,24.76,25.72,21.57,25.04,"2,50,70,996"
01/21/2022,25.25,27.55,23.18,26.59,"2,21,20,044"
01/20/2022,26.98,28.8,25.4,25.67,"1,16,80,296"
01/19/2022,27.5,28.26,26.1,26.64,"96,14,316"
01/18/2022,28.28,28.44,26.1,27.23,"1,50,37,612"
01/14/2022,30.04,30.58,28.01,29.16,"1,54,01,912"
01/13/2022,32.13,32.63,30.42,30.62,"89,01,080"
01-12-2022,32.5,32.83,31.61,32.02,"62,98,036"
01-11-2022,32.53,34.2,31.85,32.58,"1,03,32,220"
01-10-2022,33.75,33.92,30,32.79,"2,20,47,924"
01-07-2022,39.94,40.08,33.13,35.16,"4,85,49,240"
01-06-2022,33.21,34.43,30.29,32.76,"2,42,05,920"
01-05-2022,37.1,37.21,32.29,32.34,"1,35,85,600"
01-04-2022,38.04,38.25,35.76,37.23,"73,39,576"
01-03-2022,37.31,39.85,37.3,38.21,"56,68,004"
12/31/2021,38.41,39.18,37.03,37.1,"55,75,856"
12/30/2021,37.75,40,37.5,38.83,"62,47,528"
12/29/2021,36.96,38.87,35.54,38.48,"81,49,624"
12/28/2021,36.88,39.35,36.6,36.62,"53,37,888"
12/27/2021,38,38.16,35,37.08,"64,61,796"
12/23/2021,38.5,38.75,36.51,38.04,"42,22,156"
12/22/2021,39.58,39.79,38.03,38.5,"41,88,616"
12/21/2021,39.27,40.06,38.79,39.53,"57,20,952"
12/20/2021,38.3,39.92,37.43,39.29,"73,14,244"
12/17/2021,35.94,39.64,34.83,38.91,"1,72,46,480"
12/16/2021,38.23,38.61,35.53,36.15,"86,59,048"
12/15/2021,36.87,38,35.28,37.15,"1,10,63,968"
12/14/2021,32.75,37.59,32.38,36.92,"2,60,48,532"
12/13/2021,40.08,40.22,33.77,34.22,"2,19,44,804"
12-10-2021,39.96,40.58,37,39.75,"1,81,07,440"
12-09-2021,41.75,43.17,37.75,38.94,"2,03,37,360"
12-08-2021,44.15,45.06,42.99,43.41,"1,04,44,780"
12-07-2021,43.8,45.5,42.63,44.45,"78,89,580"
12-06-2021,41.5,43.34,40.8,41.78,"89,14,544"
12-03-2021,45.25,45.98,39.76,43.1,"1,63,86,752"
12-02-2021,46.25,46.86,43.27,45.39,"83,48,400"
12-01-2021,49.85,50.03,44.25,44.96,"94,22,140"
11/30/2021,50.03,50.99,47,49.05,"68,95,796"
11/29/2021,51,51.98,50.24,50.5,"44,35,376"
11/26/2021,52.02,52.93,49.8,49.93,"49,41,108"
11/24/2021,54.31,56,52,52.95,"52,37,552"
11/23/2021,60.96,63.05,53.14,53.48,"1,34,06,544"
11/22/2021,57.62,62.41,57.44,61.89,"1,75,18,416"
11/19/2021,52.29,57.35,52.06,57.2,"1,21,74,880"
11/18/2021,52.56,53.78,51.88,52.53,"40,23,100"
11/17/2021,51.58,54.43,51.5,52.5,"54,10,856"
11/16/2021,52.26,53.14,50.91,51.8,"48,58,384"
11/15/2021,50.97,52.88,50.42,52.29,"58,65,696"
11-12-2021,50.54,51.34,49.47,50.53,"37,11,964"
11-11-2021,50,52.02,49.54,51.08,"43,17,604"
11-10-2021,50.53,51.85,49.13,49.8,"52,37,556"
11-09-2021,55.5,55.87,51.11,51.65,"73,81,192"
11-08-2021,53.13,56.26,53,54.66,"86,31,648"
11-05-2021,55.16,55.25,52.25,53.31,"72,42,868"
11-04-2021,55.5,57.24,52.89,54.46,"1,16,31,904"
11-03-2021,53.5,63.92,52.06,54.58,"4,50,62,360"
11-02-2021,49.84,52.98,47.92,51.75,"1,55,29,344"
11-01-2021,45.63,52.14,45.51,50.02,"1,97,76,812"
10/29/2021,45.7,46.44,44.5,45.88,"91,75,880"
10/28/2021,43.79,45.79,43.75,45.71,"67,84,824"
10/27/2021,45,45.77,43.08,43.38,"44,27,992"
10/26/2021,43.34,46.25,43.13,44.46,"87,06,996"
10/25/2021,42.36,43.7,41.82,43.49,"57,71,224"
10/22/2021,44.53,44.87,41.95,42.45,"1,12,01,772"
10/21/2021,46.18,47.67,45.15,45.43,"96,09,472"
10/20/2021,46.58,47,45.5,46.13,"91,07,612"
10/19/2021,47.25,48.05,46.1,46.7,"82,82,472"
10/18/2021,45.74,47.47,45.64,46.51,"63,58,592"
10/15/2021,46,46.75,45.22,45.82,"47,99,908"
10/14/2021,45.94,47.55,45.65,45.96,"67,04,032"
10/13/2021,44.58,47.05,44,46.02,"77,20,956"
10-12-2021,45.13,45.45,43.45,43.96,"49,34,608"
10-11-2021,43.25,47.12,43.25,44.53,"1,07,39,420"
10-08-2021,43.13,43.93,42.78,43.17,"32,72,828"
10-07-2021,43,43.8,42.64,43.03,"46,37,304"
10-06-2021,42.52,43.24,41.45,42.77,"48,01,280"
10-05-2021,42.8,43.29,41.68,43.05,"52,63,416"
10-04-2021,43.99,44.24,42.69,42.84,"47,82,952"
10-01-2021,44.85,44.87,43.06,44.23,"62,04,556"
09/30/2021,43.75,46.36,41.7,43.87,"1,27,09,812"
09/29/2021,45.02,46.12,43.65,43.98,"75,99,732"
09/28/2021,47,47.7,44.5,44.65,"70,81,972"
09/27/2021,46.48,48.01,46.47,47.37,"58,80,584"
09/24/2021,47.75,47.93,46.03,46.29,"67,43,036"
09/23/2021,48.08,48.94,47.65,47.81,"67,29,036"
09/22/2021,47.41,48.38,46.57,47.54,"90,26,372"
09/21/2021,49.84,49.84,46.5,47.49,"1,05,35,308"
09/20/2021,50,50.71,46.14,48.05,"1,57,67,208"
09/17/2021,52.01,53.12,50.2,51.24,"1,58,02,572"
09/16/2021,50.58,54.14,50.29,51.59,"1,22,32,868"
09/15/2021,49.25,51.22,48.44,51.13,"92,41,628"
09/14/2021,50.16,51.16,48.75,49.81,"85,66,524"
09/13/2021,48.44,52.22,47.88,50.85,"1,73,36,272"
09-10-2021,49.6,50.54,47.5,47.6,"1,21,70,592"
09-09-2021,45.02,50.5,44.5,49.8,"3,00,45,832"
09-08-2021,50.47,51.72,47.67,49.7,"2,06,94,264"
09-07-2021,51.56,52.48,49.03,49.75,"1,00,04,712"
09-03-2021,53.01,54.07,49.71,50.69,"1,06,56,020"
09-02-2021,53.47,53.7,51.58,53.38,"74,22,472"
09-01-2021,56,57.86,52.01,53.24,"1,78,15,128"
08/31/2021,53.18,55.58,52.87,54.56,"1,42,98,748"
08/30/2021,51.25,54.55,50.76,52.3,"1,32,38,336"
08/27/2021,51.93,53.25,50.01,51.24,"1,29,23,216"
08/26/2021,50.17,54.25,49.75,51.31,"2,49,54,588"
08/25/2021,51.66,56.75,48.25,49.91,"5,14,44,240"
08/24/2021,41.57,56.25,41.29,52.57,"5,86,08,840"
08/23/2021,40.6,41.82,39.89,41.22,"53,72,128"
08/20/2021,38.45,40.02,38.31,39.83,"46,19,432"
08/19/2021,39.19,39.5,37.7,38.23,"47,86,192"
08/18/2021,40.81,41.4,39.19,39.26,"56,47,368"
08/17/2021,40.3,42.37,40.28,40.89,"48,63,752"
08/16/2021,40.25,42.47,39.79,40.98,"62,99,508"
08/13/2021,40.12,40.89,39.35,40.63,"40,59,004"
08-12-2021,39.97,41.07,39.33,40.59,"52,79,328"
08-11-2021,39.61,39.76,38.66,39.7,"37,81,712"
08-10-2021,40.34,41.72,38.84,39.76,"64,93,336"
08-09-2021,37.95,41.18,37.67,40.28,"89,96,816"
08-06-2021,38.65,39.13,37.58,37.94,"54,10,756"
08-05-2021,37,39.4,36.31,38.36,"96,48,492"
08-04-2021,38.18,39.45,36.42,36.7,"95,73,936"
08-03-2021,39.19,39.72,37.05,38.19,"5,78,02,480"
08-02-2021,40.5,40.9,38.77,39.41,"1,01,31,724"
07/30/2021,41.25,41.81,39.72,40.28,"95,08,472"
07/29/2021,42.65,43.47,41.13,41.22,"89,59,980"
07/28/2021,43.93,44.28,41.07,42.28,"1,64,03,380"
07/27/2021,45.75,46.25,44.17,44.64,"48,59,100"
07/26/2021,45.09,46.51,44.69,45.99,"50,42,372"
07/23/2021,45.25,45.4,43.46,45.09,"52,64,672"
07/22/2021,46.33,46.92,44.04,44.71,"56,51,952"
07/21/2021,46.95,48.88,45.53,46.45,"89,16,736"
07/20/2021,43.48,48.41,43.11,47.8,"1,24,04,360"
07/19/2021,40.83,44,40.31,43.37,"97,47,736"
07/16/2021,42.54,44.87,41.58,42.26,"1,31,51,716"
07/15/2021,40,43,39.5,41.71,"1,71,94,356"
07/14/2021,45.12,45.6,41.27,41.91,"1,56,55,080"
07/13/2021,46.92,47.2,44.75,45.02,"95,91,776"
07-12-2021,47.86,49.44,46.86,47.31,"65,45,296"
07-09-2021,47.72,48.7,46.69,47.81,"63,31,700"
07-08-2021,44.96,48.56,44.88,47.85,"1,14,30,056"
07-07-2021,49,49.38,44.39,47.67,"1,69,58,000"
07-06-2021,51,51.19,48.43,49.89,"1,10,72,248"
07-02-2021,51.2,51.36,49.13,50.71,"1,04,10,916"
07-01-2021,53.35,54.21,50.5,51.09,"1,09,68,448"
06/30/2021,52.42,53.82,51.73,53.54,"1,01,58,592"
06/29/2021,53.4,53.81,52,52.72,"99,20,036"
06/28/2021,52.81,56.11,52.55,53.31,"1,95,17,456"
06/25/2021,53.5,53.55,49.63,52.38,"5,07,71,000"
06/24/2021,55.29,56.86,52.9,53.08,"1,54,53,356"
06/23/2021,55.36,55.64,53.53,54.84,"1,42,20,360"
06/22/2021,54.43,56.47,52.29,55.1,"3,28,00,708"
06/21/2021,54.24,54.6,49.25,50.09,"2,04,80,744"
06/18/2021,55.05,55.87,53.25,53.46,"1,72,81,268"
06/17/2021,56,58.42,55.37,55.9,"1,84,34,292"
06/16/2021,53.81,57.18,52.25,55.74,"2,22,59,308"
06/15/2021,56.59,57.31,52,55.63,"2,92,07,740"
06/14/2021,59.13,59.5,54.8,57.36,"2,85,30,508"
06-11-2021,55.59,60.28,51.53,58.34,"6,23,23,080"
06-10-2021,70.5,72,52.75,55.1,"9,19,20,600"
06-09-2021,75.78,82,72.88,75.64,"5,37,17,240"
06-08-2021,73,86.17,70.25,75,"6,97,56,476"
06-07-2021,64.5,70.5,63.8,70,"2,42,05,960"
06-04-2021,64.01,66.25,61.44,62.09,"1,45,50,060"
06-03-2021,66.43,68.61,60.53,64.55,"3,19,99,820"
06-02-2021,62.22,73.5,61.08,70.56,"6,40,76,880"
06-01-2021,58.37,63.75,56.77,62.26,"3,85,02,440"
05/28/2021,65.74,67.2,55.36,55.5,"4,70,05,480"
05/27/2021,57.45,66,56.75,63.53,"6,21,05,200"
05/26/2021,57.25,62.12,56.39,60.64,"8,44,79,476"
05/25/2021,45.25,54.28,45.25,52.36,"5,95,49,840"
05/24/2021,43.96,47.11,43.34,45,"1,86,57,392"
05/21/2021,42.75,44.81,42.58,44.2,"1,46,18,732"
05/20/2021,42.7,43.73,41.73,42.62,"99,12,672"
05/19/2021,43,44.74,41.04,42.21,"1,93,03,620"
05/18/2021,43.64,47.3,42.07,45.17,"3,09,54,868"
05/17/2021,39.96,45.63,39.75,45.15,"2,94,91,052"
05/14/2021,40,41.62,39.06,39.98,"1,71,74,120"
05/13/2021,36.86,42.49,36.61,41.13,"3,54,93,948"
05-12-2021,36.43,37.63,35.56,36.2,"1,09,26,040"
05-11-2021,34.25,37.63,34.13,36.73,"1,87,38,336"
05-10-2021,40.33,40.4,35.75,35.81,"1,92,26,740"
05-07-2021,40.03,41.85,39.38,40.28,"1,17,38,496"
05-06-2021,40.22,41.18,38.9,40.25,"1,17,71,208"
05-05-2021,40.46,41.38,39.58,39.87,"1,12,21,636"
05-04-2021,39.75,40.37,37.95,40.18,"1,60,30,048"
05-03-2021,44.37,44.37,39.9,40.55,"2,10,44,076"
04/30/2021,43.75,45.95,43.18,43.4,"1,77,34,260"
04/29/2021,44.14,45.22,42.69,44.05,"1,50,41,000"
04/28/2021,43.03,45.5,41.51,44.65,"2,31,55,752"
04/27/2021,45.89,47,43.29,44.44,"3,57,30,872"
04/26/2021,37.75,43.67,37.19,42.23,"4,21,28,440"
04/23/2021,37.25,38.41,36.18,37.8,"1,61,68,228"
04/22/2021,39.78,39.78,36.72,37.79,"1,73,83,236"
04/21/2021,39.6,40.75,38.98,39.63,"1,52,51,380"
04/20/2021,41.04,41.22,38.34,39.63,"1,86,34,432"
04/19/2021,42.95,43.8,40.58,41.09,"4,20,80,840"
04/16/2021,39,40.05,37.81,38.67,"2,08,58,840"
04/15/2021,40.75,41.56,38.2,39.11,"3,14,27,120"
04/14/2021,35.89,43.52,35.75,41.63,"8,45,52,564"
04/13/2021,35.47,36.34,33,35.25,"2,72,27,472"
04-12-2021,39.53,40.98,33.75,35.27,"6,67,34,400"
04-09-2021,42.43,42.9,38.25,39.59,"3,78,49,520"
04-08-2021,46.47,46.47,41.08,42.57,"4,01,89,560"
04-07-2021,45.81,46.12,44.03,44.49,"1,90,73,044"
04-06-2021,46.3,48,45.89,46.13,"2,48,73,272"
04-05-2021,42.75,48.75,41.2,46.74,"5,62,81,960"
04-01-2021,48.34,49.24,45.9,47.86,"3,73,37,380"
03/31/2021,49.38,49.87,46.78,47.46,"3,35,75,336"
03/30/2021,46.88,51.08,45.5,48.62,"6,83,79,680"
03/29/2021,45.19,48.48,43.38,45.33,"4,01,68,720"
03/26/2021,49.42,54.73,40.82,45.25,"14,97,22,688"
03/25/2021,30.87,46.88,29.23,45.94,"20,38,49,360"
03/24/2021,39.5,41.74,29.66,30.09,"9,67,11,524"
03/23/2021,49.38,50.44,44.39,45.44,"5,77,16,600"
03/22/2021,51.32,52.59,46.55,48.62,"4,02,46,040"
03/19/2021,48.93,56.75,45.67,50.07,"9,87,09,204"
03/18/2021,53.5,54.72,48.91,50.44,"4,71,99,640"
03/17/2021,54.46,57.87,51,52.45,"6,59,26,360"
03/16/2021,50.79,55.18,43.09,52.04,"14,16,91,484"
03/15/2021,69.38,70.75,51.5,55.04,"9,69,04,756"
03-12-2021,68.75,73.88,65.57,66.13,"10,33,83,600"
03-11-2021,60.41,70.38,58.15,65,"11,32,49,960"
03-10-2021,67.36,87.13,43,66.25,"28,62,82,280"
03-09-2021,54.43,62.46,52.13,61.73,"15,63,97,312"
03-08-2021,38.72,52.72,36.53,48.63,"25,42,62,484"
03-05-2021,32.04,37.88,31.88,34.44,"12,29,34,680"
03-04-2021,31.25,36.97,28.83,33.09,"13,04,27,564"
03-03-2021,30.63,31.94,28.28,31.05,"7,70,95,524"
03-02-2021,29.23,33.3,28.05,29.55,"13,51,32,156"
03-01-2021,26.14,33.5,24.99,30.1,"19,91,75,876"
02/26/2021,29.37,35.73,21.5,25.44,"36,87,76,592"
02/25/2021,42.39,46.17,25.25,27.18,"60,12,35,188"
02/24/2021,11.18,22.93,11.18,22.93,"33,24,46,968"
02/23/2021,11.24,11.56,10,11.24,"3,02,60,860"
02/22/2021,11.67,12.13,10.6,11.5,"7,79,04,080"
02/19/2021,10.32,10.97,9.63,10.15,"5,93,12,960"
02/18/2021,12.12,12.22,10.16,10.17,"9,59,62,244"
02/17/2021,12.44,12.8,11.14,11.49,"3,70,43,180"
02/16/2021,13.17,13.38,12.26,12.38,"3,27,00,120"
02-12-2021,12.69,13.81,12.01,13.1,"5,82,93,040"
02-11-2021,12.5,13.83,12.06,12.78,"5,22,26,920"
02-10-2021,12.69,15.71,11.64,12.8,"14,58,20,156"
02-09-2021,14.15,14.25,11.63,12.58,"10,73,72,320"
02-08-2021,18.1,18.17,14.51,15,"10,27,49,116"
02-05-2021,13.51,23.75,12.77,15.94,"32,53,80,032"
02-04-2021,22.8,22.88,13.33,13.38,"24,97,09,124"
02-03-2021,28,28.35,21.31,23.1,"17,07,94,048"
02-02-2021,35.19,39.5,18.56,22.5,"31,27,32,280"
02-01-2021,79.14,80.5,53,56.25,"14,95,28,608"
01/29/2021,94.93,103.5,62.5,81.25,"20,22,64,236"
01/28/2021,66.25,120.75,28.06,48.4,"23,52,63,236"
01/27/2021,88.71,95,62.25,86.88,"37,35,86,688"
01/26/2021,22.14,37.5,20.05,37,"71,43,52,000"
01/25/2021,24.18,39.8,15.28,19.2,"71,14,96,000"
01/22/2021,10.65,19.19,10.58,16.25,"78,86,31,624"
01/21/2021,9.81,11.19,9.25,10.76,"22,83,19,016"
01/20/2021,9.34,10.3,9.02,9.78,"13,38,87,156"
01/19/2021,10.39,11.38,9.16,9.84,"29,88,87,688"
01/15/2021,9.62,10.19,8.5,8.88,"18,74,65,436"
01/14/2021,9.52,10.77,8.26,9.98,"37,48,69,624"
01/13/2021,5.11,9.66,5.01,7.85,"57,80,06,812"
01-12-2021,4.99,5.1,4.83,4.99,"2,82,42,660"
01-11-2021,4.85,5.16,4.75,4.99,"5,97,10,440"
01-08-2021,4.55,4.58,4.27,4.42,"2,59,27,840"
01-07-2021,4.62,4.86,4.51,4.52,"2,45,17,104"
01-06-2021,4.34,4.75,4.33,4.59,"2,42,24,992"
01-05-2021,4.34,4.52,4.31,4.34,"1,98,45,828"
01-04-2021,4.75,4.78,4.29,4.31,"4,00,89,880"
12/31/2020,4.81,4.95,4.7,4.71,"2,76,90,608"
12/30/2020,4.85,5,4.71,4.82,"2,37,37,564"
12/29/2020,5.21,5.27,4.64,4.85,"3,69,65,764"
12/28/2020,5.33,5.49,5.09,5.25,"3,58,63,432"
12/24/2020,5.25,5.37,4.99,5.04,"2,50,48,696"
12/23/2020,5.04,5.59,4.78,5.14,"10,33,21,040"
12/22/2020,4.06,5.01,4.04,4.87,"12,27,50,884"
12/21/2020,3.95,4.09,3.82,3.88,"3,95,04,512"
12/18/2020,3.95,4.08,3.8,3.91,"6,64,75,116"
12/17/2020,3.49,3.75,3.4,3.71,"3,27,79,608"
12/16/2020,3.49,3.58,3.4,3.46,"2,34,60,492"
12/15/2020,3.2,3.51,3.12,3.46,"3,27,71,424"
12/14/2020,3.34,3.36,3.04,3.18,"4,00,28,360"
12-11-2020,3.48,3.5,3.26,3.33,"2,99,87,472"
12-10-2020,3.28,3.6,3.26,3.53,"3,02,35,688"
12-09-2020,3.48,3.68,3.31,3.42,"9,74,31,756"
12-08-2020,4.09,4.3,3.98,4.24,"6,44,80,640"
12-07-2020,4.25,4.38,4.06,4.09,"2,95,45,032"
12-04-2020,4.08,4.32,4.07,4.23,"3,58,90,688"
12-03-2020,4.12,4.16,3.97,4.03,"2,51,79,860"
12-02-2020,3.93,4.17,3.85,4.15,"3,15,33,520"
12-01-2020,4.28,4.35,3.94,3.95,"5,06,64,120"
11/30/2020,4.54,4.86,4.14,4.14,"12,79,34,000"
11/27/2020,3.82,4.19,3.72,4.02,"5,00,16,800"
11/25/2020,3.4,3.81,3.36,3.69,"3,54,40,368"
11/24/2020,3.56,3.57,3.33,3.42,"2,87,46,840"
11/23/2020,3.23,3.53,3.17,3.48,"3,84,31,892"
11/20/2020,3.14,3.37,3.14,3.18,"3,36,09,388"
11/19/2020,2.9,3.2,2.86,3.12,"4,71,50,440"
11/18/2020,2.95,3.01,2.89,2.89,"1,26,76,888"
11/17/2020,2.91,2.98,2.81,2.91,"2,67,12,704"
11/16/2020,2.79,3.17,2.68,3.02,"3,90,99,296"
11/13/2020,2.84,2.89,2.75,2.75,"1,41,84,684"
11-12-2020,2.94,2.97,2.74,2.78,"1,74,23,568"
11-11-2020,2.88,2.99,2.8,2.94,"1,95,30,276"
11-10-2020,2.88,2.92,2.71,2.78,"1,53,03,852"
11-09-2020,3.19,3.23,2.81,2.87,"2,49,79,460"
11-06-2020,2.88,3.04,2.83,2.97,"2,20,72,972"
11-05-2020,2.82,2.96,2.77,2.86,"1,88,20,980"
11-04-2020,2.94,2.94,2.65,2.73,"2,32,31,484"
11-03-2020,2.69,2.97,2.66,2.89,"2,98,17,888"
11-02-2020,2.71,2.77,2.63,2.69,"2,09,08,044"
10/30/2020,2.91,2.91,2.59,2.62,"4,62,49,480"
10/29/2020,2.97,3.06,2.92,2.93,"1,66,63,372"
10/28/2020,3.07,3.26,2.95,2.96,"2,55,54,320"
10/27/2020,3.43,3.43,3.09,3.17,"2,89,24,024"
10/26/2020,3.73,3.86,3.32,3.36,"5,35,05,080"
10/23/2020,3.76,3.85,3.64,3.75,"2,60,29,296"
10/22/2020,3.55,3.97,3.55,3.73,"6,48,48,920"
10/21/2020,3.48,3.61,3.45,3.53,"2,14,47,712"
10/20/2020,3.51,3.54,3.42,3.47,"2,64,15,804"
10/19/2020,3.36,3.63,3.35,3.48,"5,26,76,280"
10/16/2020,3.44,3.48,3.27,3.33,"4,66,06,320"
10/15/2020,3,3.78,3,3.46,"15,95,79,280"
10/14/2020,3.17,3.17,3.01,3.06,"4,31,07,040"
10/13/2020,2.93,3.11,2.91,2.97,"4,07,18,840"
10-12-2020,2.92,3.19,2.85,2.95,"9,46,22,796"
10-09-2020,3.21,3.7,2.98,3.01,"30,86,11,124"
10-08-2020,2.39,3.41,2.3,3.37,"30,58,14,248"
10-07-2020,2.31,2.39,2.29,2.34,"1,32,34,576"
10-06-2020,2.39,2.46,2.28,2.28,"1,81,41,684"
10-05-2020,2.36,2.4,2.31,2.37,"1,12,19,876"
10-02-2020,2.35,2.45,2.33,2.35,"1,73,61,936"
10-01-2020,2.52,2.56,2.42,2.44,"1,82,16,220"
09/30/2020,2.56,2.69,2.52,2.55,"2,43,16,132"
09/29/2020,2.5,2.66,2.48,2.59,"2,09,77,356"
09/28/2020,2.54,2.57,2.39,2.52,"2,70,57,292"
09/25/2020,2.3,2.55,2.28,2.51,"3,00,60,628"
09/24/2020,2.43,2.45,2.25,2.29,"3,17,55,352"
09/23/2020,2.65,2.72,2.48,2.51,"4,26,04,600"
09/22/2020,2.61,2.79,2.48,2.64,"13,90,09,920"
09/21/2020,2.34,2.4,2.1,2.19,"3,05,59,224"
09/18/2020,2.3,2.44,2.23,2.37,"6,96,30,040"
09/17/2020,2.14,2.44,2.1,2.3,"6,81,06,884"
09/16/2020,1.76,2.26,1.76,2.17,"7,73,86,040"
09/15/2020,1.72,1.82,1.67,1.77,"2,29,73,956"
09/14/2020,1.7,1.75,1.61,1.73,"4,04,75,880"
09-11-2020,1.57,1.58,1.47,1.52,"2,42,44,760"
09-10-2020,1.66,1.74,1.55,1.56,"6,22,33,120"
09-09-2020,1.99,2,1.83,1.84,"3,62,72,328"
09-08-2020,1.89,2.07,1.87,1.93,"3,92,66,480"
09-04-2020,1.95,1.98,1.79,1.91,"3,06,47,976"
09-03-2020,1.97,2.11,1.81,1.96,"5,73,78,000"
09-02-2020,1.95,2.01,1.78,1.93,"5,20,44,440"
09-01-2020,1.83,1.96,1.69,1.91,"9,28,44,204"
08/31/2020,1.44,1.79,1.42,1.67,"15,19,04,000"
08/28/2020,1.33,1.39,1.3,1.35,"1,69,47,704"
08/27/2020,1.28,1.34,1.26,1.31,"1,35,38,632"
08/26/2020,1.24,1.31,1.23,1.28,"1,11,18,656"
08/25/2020,1.22,1.31,1.22,1.25,"1,19,94,712"
08/24/2020,1.28,1.28,1.14,1.22,"1,83,41,464"
08/21/2020,1.15,1.4,1.15,1.26,"4,25,70,360"
08/20/2020,1.16,1.17,1.13,1.15,"97,64,736"
08/19/2020,1.2,1.21,1.16,1.18,"1,04,50,332"
08/18/2020,1.15,1.22,1.11,1.2,"1,53,39,360"
08/17/2020,1.2,1.2,1.14,1.16,"94,83,880"
08/14/2020,1.15,1.21,1.14,1.19,"1,38,98,768"
08/13/2020,1.13,1.18,1.12,1.16,"85,13,252"
08-12-2020,1.1,1.16,1.09,1.13,"1,22,30,376"
08-11-2020,1.11,1.14,1.09,1.09,"1,25,56,420"
08-10-2020,1.05,1.14,1.05,1.08,"1,82,47,088"
08-07-2020,1.1,1.1,1.02,1.04,"1,33,64,396"
08-06-2020,1.15,1.16,1.1,1.11,"76,04,896"
08-05-2020,1.13,1.19,1.06,1.16,"1,97,02,788"
08-04-2020,1.03,1.18,1.03,1.11,"4,14,45,440"
08-03-2020,1.01,1.06,1,1.04,"1,00,72,040"
07/31/2020,1.02,1.04,1,1,"75,18,212"
07/30/2020,1,1.06,0.99,1.03,"95,93,940"
07/29/2020,0.99,1.05,0.98,1.02,"1,15,18,504"
07/28/2020,0.99,1.01,0.98,0.99,"1,82,21,568"
07/27/2020,1.01,1.03,0.99,1,"98,90,784"
07/24/2020,1.02,1.06,1,1.01,"88,65,180"
07/23/2020,1.02,1.08,1.02,1.03,"1,29,50,200"
07/22/2020,1.01,1.03,0.98,1.03,"1,00,94,188"
07/21/2020,0.98,1.02,0.97,1,"1,33,64,048"
07/20/2020,0.99,1.02,0.94,0.96,"1,36,04,352"
07/17/2020,1.04,1.06,0.98,0.99,"1,22,66,196"
07/16/2020,1.05,1.05,1.02,1.04,"53,21,844"
07/15/2020,1.03,1.07,1.03,1.05,"58,96,504"
07/14/2020,1.06,1.08,1.02,1.02,"90,46,356"
07/13/2020,1.09,1.14,1.07,1.07,"1,68,65,060"
07-10-2020,1.05,1.1,1.05,1.09,"56,43,312"
07-09-2020,1.07,1.08,1.03,1.05,"79,70,484"
07-08-2020,1.03,1.07,1.01,1.07,"82,11,316"
07-07-2020,1.05,1.06,1.02,1.02,"98,27,880"
07-06-2020,1.08,1.09,1.05,1.06,"85,63,516"
07-02-2020,1.12,1.13,1.07,1.07,"75,51,004"
07-01-2020,1.08,1.13,1.08,1.11,"92,16,404"
06/30/2020,1.08,1.13,1.05,1.09,"1,55,56,116"
06/29/2020,1.09,1.13,1.08,1.1,"85,25,320"
06/26/2020,1.12,1.13,1.07,1.09,"1,52,04,620"
06/25/2020,1.08,1.14,1.07,1.12,"98,03,744"
06/24/2020,1.21,1.21,1.1,1.1,"1,19,04,836"
06/23/2020,1.24,1.25,1.2,1.21,"1,28,21,488"
06/22/2020,1.2,1.24,1.18,1.22,"1,27,15,864"
06/19/2020,1.24,1.27,1.17,1.22,"2,94,63,468"
06/18/2020,1.17,1.24,1.16,1.24,"1,36,95,308"
06/17/2020,1.14,1.21,1.13,1.19,"1,43,73,864"
06/16/2020,1.24,1.24,1.13,1.16,"1,24,94,140"
06/15/2020,1.13,1.19,1.11,1.17,"1,56,41,540"
06-12-2020,1.15,1.2,1.1,1.18,"1,75,12,768"
06-11-2020,1.16,1.22,1.05,1.09,"2,49,43,972"
06-10-2020,1.2,1.38,1.17,1.27,"4,24,25,480"
06-09-2020,1.25,1.25,1.14,1.24,"3,22,93,792"
06-08-2020,1.07,1.28,1.07,1.25,"4,05,34,640"
06-05-2020,1.07,1.1,1.02,1.04,"2,50,97,712"
06-04-2020,1.11,1.18,1.09,1.12,"1,40,57,196"
06-03-2020,1.06,1.13,1.05,1.11,"1,21,49,696"
06-02-2020,1.07,1.08,1.02,1.05,"94,79,120"
06-01-2020,1.03,1.09,1.01,1.03,"1,04,73,696"
05/29/2020,1.08,1.11,1.01,1.02,"1,58,94,160"
05/28/2020,1.19,1.19,1.08,1.08,"87,37,468"
05/27/2020,1.14,1.18,1.09,1.17,"1,25,86,412"
05/26/2020,1.09,1.15,1.08,1.11,"1,41,83,704"
05/22/2020,1.12,1.12,1.03,1.05,"95,19,404"
05/21/2020,1.11,1.16,1.1,1.11,"78,87,624"
05/20/2020,1.13,1.17,1.08,1.11,"1,01,74,436"
05/19/2020,1.15,1.19,1.09,1.11,"73,62,928"
05/18/2020,1.1,1.16,1.09,1.15,"94,86,776"
05/15/2020,1.01,1.11,1.01,1.06,"77,62,816"
05/14/2020,1.04,1.05,0.99,1.03,"80,19,472"
05/13/2020,1.14,1.14,1.02,1.05,"1,15,31,508"
05-12-2020,1.2,1.23,1.12,1.14,"1,05,56,628"
05-11-2020,1.23,1.24,1.19,1.19,"67,96,632"
05-08-2020,1.22,1.3,1.21,1.25,"94,14,644"
05-07-2020,1.21,1.23,1.16,1.22,"1,00,04,780"
05-06-2020,1.35,1.35,1.23,1.23,"1,34,78,560"
05-05-2020,1.39,1.41,1.34,1.35,"84,23,676"
05-04-2020,1.46,1.48,1.35,1.37,"1,62,72,420"
05-01-2020,1.41,1.55,1.36,1.51,"1,60,22,392"
04/30/2020,1.47,1.49,1.41,1.43,"86,94,120"
04/29/2020,1.46,1.52,1.36,1.51,"1,34,80,180"
04/28/2020,1.48,1.51,1.27,1.41,"2,08,00,756"
04/27/2020,1.21,1.5,1.2,1.46,"2,91,00,552"
04/24/2020,1.2,1.21,1.17,1.19,"89,46,176"
04/23/2020,1.19,1.22,1.15,1.18,"90,63,412"
04/22/2020,1.29,1.29,1.21,1.22,"1,07,12,532"
04/21/2020,1.31,1.33,1.19,1.2,"1,65,68,200"
04/20/2020,1.21,1.48,1.2,1.4,"2,43,40,044"
04/17/2020,1.31,1.32,1.11,1.22,"2,26,12,752"
04/16/2020,1.28,1.36,1.22,1.26,"1,34,87,684"
04/15/2020,1.42,1.42,1.23,1.32,"2,99,99,416"
04/14/2020,1.3,1.62,1.29,1.49,"5,40,26,520"
04/13/2020,1.06,1.19,1.04,1.19,"2,73,78,004"
04-09-2020,0.9,1.06,0.87,0.97,"2,36,35,664"
04-08-2020,0.81,0.92,0.8,0.85,"1,15,38,112"
04-07-2020,0.85,0.86,0.78,0.82,"1,13,47,436"
04-06-2020,0.72,0.8,0.71,0.77,"1,33,24,280"
04-03-2020,0.71,0.74,0.64,0.7,"1,53,23,044"
04-02-2020,0.82,0.84,0.71,0.71,"1,62,57,356"
04-01-2020,0.86,0.87,0.78,0.81,"1,82,74,780"
03/31/2020,0.91,0.95,0.88,0.88,"92,16,528"
03/30/2020,1.06,1.07,0.91,0.91,"1,34,02,284"
03/27/2020,1.24,1.27,1.04,1.06,"2,80,99,052"
03/26/2020,1.06,1.18,1.06,1.1,"2,48,43,916"
03/25/2020,1.04,1.12,1.01,1.04,"1,43,68,236"
03/24/2020,0.99,1.05,0.97,1.04,"2,72,22,636"
03/23/2020,0.9,0.97,0.88,0.95,"2,40,39,136"
03/20/2020,1.02,1.02,0.91,0.94,"3,08,88,776"
03/19/2020,0.93,1.05,0.89,1.05,"2,01,58,156"
03/18/2020,1.03,1.06,0.88,0.94,"1,46,06,836"
03/17/2020,1.1,1.16,1.03,1.06,"1,42,48,840"
03/16/2020,0.98,1.14,0.98,1.09,"1,94,66,784"
03/13/2020,1.03,1.16,0.96,1.15,"2,31,48,844"
03-12-2020,0.93,1.01,0.87,1,"2,04,93,452"
03-11-2020,1.04,1.06,1,1.04,"1,76,56,784"
03-10-2020,0.99,1.07,0.95,1.06,"1,94,52,676"
03-09-2020,0.9,0.99,0.88,0.93,"1,09,28,088"
03-06-2020,0.96,1.02,0.94,0.98,"83,87,212"
03-05-2020,0.93,1,0.9,0.99,"1,43,98,508"
03-04-2020,0.93,0.96,0.87,0.94,"1,70,30,516"
03-03-2020,0.97,0.97,0.88,0.91,"1,71,29,824"
03-02-2020,0.9,0.96,0.85,0.96,"1,28,33,712"
02/28/2020,0.84,0.93,0.84,0.9,"1,87,68,788"
02/27/2020,0.81,0.91,0.8,0.87,"1,55,17,920"
02/26/2020,0.9,0.91,0.84,0.85,"1,89,01,488"
02/25/2020,0.94,0.95,0.89,0.89,"1,77,91,824"
02/24/2020,0.98,0.98,0.93,0.93,"1,42,65,156"
02/21/2020,1.03,1.05,1,1.01,"67,82,772"
02/20/2020,1.04,1.07,1.03,1.04,"62,49,364"
02/19/2020,1.02,1.07,0.98,1.04,"1,03,72,368"
02/18/2020,1,1.02,0.99,1.02,"58,70,448"
02/14/2020,1.03,1.05,1.01,1.01,"63,30,640"
02/13/2020,1.03,1.07,1.02,1.03,"83,26,772"
02-12-2020,1.03,1.13,1.02,1.05,"1,92,82,416"
02-11-2020,1,1.06,0.99,1.01,"1,36,60,092"
02-10-2020,0.96,1.03,0.94,0.99,"1,11,08,168"
02-07-2020,1.03,1.03,0.94,0.95,"1,09,69,124"
02-06-2020,1.05,1.08,1.03,1.04,"60,41,212"
02-05-2020,1.04,1.1,1.04,1.05,"1,05,66,888"
02-04-2020,1.01,1.06,0.99,1.02,"1,42,52,244"
02-03-2020,0.97,1,0.96,0.99,"81,04,796"
01/31/2020,0.98,0.99,0.96,0.96,"1,15,67,056"
01/30/2020,1.03,1.03,0.97,0.98,"1,20,26,932"
01/29/2020,1.06,1.08,1.03,1.03,"62,10,228"
01/28/2020,1.08,1.08,1.05,1.05,"85,79,744"
01/27/2020,1.05,1.09,1.04,1.07,"84,91,216"
01/24/2020,1.16,1.16,1.06,1.08,"1,66,54,788"
01/23/2020,1.14,1.16,1.12,1.16,"75,20,856"
01/22/2020,1.14,1.16,1.12,1.14,"1,05,09,944"
01/21/2020,1.19,1.19,1.14,1.15,"1,41,28,548"
01/17/2020,1.15,1.19,1.13,1.19,"1,60,78,096"
01/16/2020,1.15,1.18,1.13,1.16,"1,71,48,260"
01/15/2020,1.17,1.18,1.14,1.15,"1,99,24,464"
01/14/2020,1.2,1.25,1.13,1.18,"5,02,50,280"
01/13/2020,1.36,1.4,1.33,1.36,"1,45,36,056"
01-10-2020,1.39,1.4,1.35,1.36,"1,11,25,648"
01-09-2020,1.46,1.46,1.37,1.39,"1,05,72,204"
01-08-2020,1.37,1.46,1.35,1.43,"2,25,17,780"
01-07-2020,1.44,1.46,1.36,1.38,"2,09,42,076"
01-06-2020,1.45,1.48,1.4,1.46,"1,35,79,108"
01-03-2020,1.55,1.56,1.46,1.47,"1,42,03,844"
01-02-2020,1.54,1.62,1.52,1.58,"1,77,23,000"
12/31/2019,1.52,1.6,1.5,1.52,"1,72,90,440"
12/30/2019,1.47,1.56,1.44,1.53,"1,79,29,392"
12/27/2019,1.36,1.5,1.35,1.48,"4,41,65,160"
12/26/2019,1.37,1.38,1.31,1.35,"1,70,64,612"
12/24/2019,1.41,1.42,1.36,1.36,"1,35,82,040"
12/23/2019,1.51,1.52,1.39,1.4,"2,51,31,632"
12/20/2019,1.52,1.56,1.49,1.5,"2,19,38,516"
12/19/2019,1.55,1.56,1.51,1.52,"1,78,07,916"
12/18/2019,1.52,1.57,1.48,1.54,"2,10,62,424"
12/17/2019,1.38,1.52,1.37,1.52,"1,65,69,336"
12/16/2019,1.35,1.4,1.35,1.38,"1,76,28,824"
12/13/2019,1.37,1.41,1.31,1.36,"2,17,56,072"
12-12-2019,1.37,1.43,1.35,1.4,"2,55,49,496"
12-11-2019,1.31,1.45,1.3,1.38,"7,81,55,640"
12-10-2019,1.57,1.64,1.53,1.63,"3,88,75,396"
12-09-2019,1.66,1.73,1.55,1.58,"2,54,06,232"
12-06-2019,1.6,1.67,1.6,1.67,"1,90,29,552"
12-05-2019,1.58,1.63,1.56,1.6,"1,75,25,652"
12-04-2019,1.54,1.62,1.53,1.61,"1,14,89,940"
12-03-2019,1.51,1.55,1.48,1.53,"88,64,792"
12-02-2019,1.59,1.62,1.52,1.54,"82,42,504"
11/29/2019,1.58,1.6,1.56,1.59,"54,75,932"
11/27/2019,1.53,1.6,1.51,1.59,"1,21,24,616"
11/26/2019,1.51,1.57,1.5,1.53,"1,06,02,756"
11/25/2019,1.42,1.52,1.41,1.51,"1,09,79,552"
11/22/2019,1.4,1.46,1.38,1.42,"1,39,76,200"
11/21/2019,1.37,1.4,1.34,1.38,"1,11,36,084"
11/20/2019,1.39,1.39,1.34,1.37,"1,06,66,788"
11/19/2019,1.39,1.42,1.36,1.38,"1,34,42,192"
11/18/2019,1.46,1.46,1.4,1.41,"1,19,83,576"
11/15/2019,1.5,1.5,1.46,1.47,"86,64,204"
11/14/2019,1.49,1.53,1.48,1.5,"68,34,940"
11/13/2019,1.48,1.49,1.45,1.49,"61,35,676"
11-12-2019,1.51,1.52,1.47,1.48,"73,37,940"
11-11-2019,1.51,1.52,1.44,1.51,"1,24,37,828"
11-08-2019,1.54,1.57,1.51,1.52,"78,74,880"
11-07-2019,1.55,1.58,1.51,1.56,"1,25,17,132"
11-06-2019,1.48,1.55,1.46,1.52,"1,65,13,168"
11-05-2019,1.47,1.55,1.47,1.48,"1,34,96,484"
11-04-2019,1.48,1.51,1.44,1.46,"1,46,80,196"
11-01-2019,1.36,1.5,1.36,1.46,"2,08,41,420"
10/31/2019,1.41,1.42,1.33,1.36,"1,74,34,288"
10/30/2019,1.44,1.46,1.38,1.43,"1,49,58,172"
10/29/2019,1.55,1.56,1.45,1.45,"1,56,75,112"
10/28/2019,1.6,1.62,1.54,1.55,"1,14,18,976"
10/25/2019,1.58,1.61,1.56,1.59,"1,05,81,660"
10/24/2019,1.63,1.64,1.51,1.61,"1,71,09,496"
10/23/2019,1.58,1.66,1.56,1.61,"1,62,92,568"
10/22/2019,1.48,1.61,1.48,1.6,"1,67,07,328"
10/21/2019,1.5,1.54,1.46,1.48,"1,44,47,612"
10/18/2019,1.51,1.51,1.44,1.49,"1,27,88,432"
10/17/2019,1.47,1.51,1.45,1.51,"1,45,64,452"
10/16/2019,1.4,1.48,1.4,1.47,"1,55,39,152"
10/15/2019,1.4,1.48,1.4,1.4,"2,54,04,476"
10/14/2019,1.33,1.4,1.31,1.4,"2,16,25,244"
10-11-2019,1.29,1.37,1.29,1.34,"2,36,43,352"
10-10-2019,1.26,1.29,1.24,1.26,"2,10,36,908"
10-09-2019,1.31,1.33,1.24,1.25,"2,34,62,368"
10-08-2019,1.36,1.36,1.29,1.31,"1,92,93,640"
10-07-2019,1.37,1.4,1.35,1.37,"1,77,57,904"
10-04-2019,1.36,1.39,1.34,1.39,"1,69,36,828"
10-03-2019,1.33,1.37,1.31,1.36,"1,77,50,272"
10-02-2019,1.39,1.39,1.31,1.33,"3,38,59,952"
10-01-2019,1.41,1.45,1.37,1.4,"2,63,71,796"
09/30/2019,1.36,1.41,1.35,1.38,"3,74,57,980"
